Sample (е-эмбрион. к-биоптат),Sequenced Read Pairs,перестройка,R1,R2,Ссылка на исходные данные,,,,
BTR_e3,2815277,arr(3q25.32q29)x1.(11)x3. (16q22.2q24.3)x3,https://genedev.bionet.nsc.ru/ftp/_RawReads/2022-11-07_BGI_Moscow/Demultiplexed/BTR_e3/BTR_e3_R1.fastq.gz,https://genedev.bionet.nsc.ru/ftp/_RawReads/2022-11-07_BGI_Moscow/Demultiplexed/BTR_e3/BTR_e3_R2.fastq.gz,https://genedev.bionet.nsc.ru/ftp/_RawReads/2022-11-07_BGI_Moscow/Demultiplexed/BTR_e3,,,,
BTR_e9,1422899,arr(3q25.32q29)x3.(16q22.2q24.3)x1.(22)x3,https://genedev.bionet.nsc.ru/ftp/_RawReads/2022-11-07_BGI_Moscow/Demultiplexed/BTR_e9/BTR_e9_R1.fastq.gz,https://genedev.bionet.nsc.ru/ftp/_RawReads/2022-11-07_BGI_Moscow/Demultiplexed/BTR_e9/BTR_e9_R2.fastq.gz,https://genedev.bionet.nsc.ru/ftp/_RawReads/2022-11-07_BGI_Moscow/Demultiplexed/BTR_e9,,,,
embryo6,1832307,-,https://genedev.bionet.nsc.ru/ftp/_RawReads/2022-11-07_BGI_Moscow/Demultiplexed/embryo6/embryo6_R1.fastq.gz,https://genedev.bionet.nsc.ru/ftp/_RawReads/2022-11-07_BGI_Moscow/Demultiplexed/embryo6/embryo6_R2.fastq.gz,https://genedev.bionet.nsc.ru/ftp/_RawReads/2022-11-07_BGI_Moscow/Demultiplexed/embryo6,,,,
embyo5,1813114,-,https://genedev.bionet.nsc.ru/ftp/_RawReads/2022-11-07_BGI_Moscow/Demultiplexed/embyo5/embyo5_R1.fastq.gz,https://genedev.bionet.nsc.ru/ftp/_RawReads/2022-11-07_BGI_Moscow/Demultiplexed/embyo5/embyo5_R2.fastq.gz,https://genedev.bionet.nsc.ru/ftp/_RawReads/2022-11-07_BGI_Moscow/Demultiplexed/embyo5,,,,
HAN_e5,1524395,arr(XY)x1.(4.22)x3,https://genedev.bionet.nsc.ru/ftp/_RawReads/2022-11-07_BGI_Moscow/Demultiplexed/HAN_e5/HAN_e5_R1.fastq.gz,https://genedev.bionet.nsc.ru/ftp/_RawReads/2022-11-07_BGI_Moscow/Demultiplexed/HAN_e5/HAN_e5_R2.fastq.gz,https://genedev.bionet.nsc.ru/ftp/_RawReads/2022-11-07_BGI_Moscow/Demultiplexed/HAN_e5,,,,
HAN_K5,1554149,arr(XY)x1.(4.22)x3,https://genedev.bionet.nsc.ru/ftp/_RawReads/2022-11-07_BGI_Moscow/Demultiplexed/HAN_K5/HAN_K5_R1.fastq.gz,https://genedev.bionet.nsc.ru/ftp/_RawReads/2022-11-07_BGI_Moscow/Demultiplexed/HAN_K5/HAN_K5_R2.fastq.gz,https://genedev.bionet.nsc.ru/ftp/_RawReads/2022-11-07_BGI_Moscow/Demultiplexed/HAN_K5,,,,
IlI_e4,1099928,arr(2p25.33p11.1)x1.(6p25.3p24.1)x3.(11p15.5p14.3)x3,https://genedev.bionet.nsc.ru/ftp/_RawReads/2022-11-07_BGI_Moscow/Demultiplexed/IlI_e4/IlI_e4_R1.fastq.gz,https://genedev.bionet.nsc.ru/ftp/_RawReads/2022-11-07_BGI_Moscow/Demultiplexed/IlI_e4/IlI_e4_R2.fastq.gz,https://genedev.bionet.nsc.ru/ftp/_RawReads/2022-11-07_BGI_Moscow/Demultiplexed/IlI_e4,,,,
IlI_K3,1446057,arr(11p15.5p14.3)x1,https://genedev.bionet.nsc.ru/ftp/_RawReads/2022-11-07_BGI_Moscow/Demultiplexed/IlI_K3/IlI_K3_R1.fastq.gz,https://genedev.bionet.nsc.ru/ftp/_RawReads/2022-11-07_BGI_Moscow/Demultiplexed/IlI_K3/IlI_K3_R2.fastq.gz,https://genedev.bionet.nsc.ru/ftp/_RawReads/2022-11-07_BGI_Moscow/Demultiplexed/IlI_K3,,,,
MAD_e3,1640870,arr(XY)x1.(2)x1,https://genedev.bionet.nsc.ru/ftp/_RawReads/2022-11-07_BGI_Moscow/Demultiplexed/MAD_e3/MAD_e3_R1.fastq.gz,https://genedev.bionet.nsc.ru/ftp/_RawReads/2022-11-07_BGI_Moscow/Demultiplexed/MAD_e3/MAD_e3_R2.fastq.gz,https://genedev.bionet.nsc.ru/ftp/_RawReads/2022-11-07_BGI_Moscow/Demultiplexed/MAD_e3,,,,
MAD_K3,2097037,arr(XY)x1.(2)x1,https://genedev.bionet.nsc.ru/ftp/_RawReads/2022-11-07_BGI_Moscow/Demultiplexed/MAD_K3/MAD_K3_R1.fastq.gz,https://genedev.bionet.nsc.ru/ftp/_RawReads/2022-11-07_BGI_Moscow/Demultiplexed/MAD_K3/MAD_K3_R2.fastq.gz,https://genedev.bionet.nsc.ru/ftp/_RawReads/2022-11-07_BGI_Moscow/Demultiplexed/MAD_K3,,,,
Pash_e2,1221150,seq(11q11q25)x3[0.3],https://genedev.bionet.nsc.ru/ftp/_RawReads/2022-11-07_BGI_Moscow/Demultiplexed/Pash_e2/Pash_e2_R1.fastq.gz,https://genedev.bionet.nsc.ru/ftp/_RawReads/2022-11-07_BGI_Moscow/Demultiplexed/Pash_e2/Pash_e2_R2.fastq.gz,https://genedev.bionet.nsc.ru/ftp/_RawReads/2022-11-07_BGI_Moscow/Demultiplexed/Pash_e2,,,,
Pash_e3,2401237,seq(2q3.2q373)x1. (6q13q27)x3,https://genedev.bionet.nsc.ru/ftp/_RawReads/2022-11-07_BGI_Moscow/Demultiplexed/Pash_e3/Pash_e3_R1.fastq.gz,https://genedev.bionet.nsc.ru/ftp/_RawReads/2022-11-07_BGI_Moscow/Demultiplexed/Pash_e3/Pash_e3_R2.fastq.gz,https://genedev.bionet.nsc.ru/ftp/_RawReads/2022-11-07_BGI_Moscow/Demultiplexed/Pash_e3,,,,
Pash_K3,1447628,seq(2q3.2q373)x1. (6q13q27)x3,https://genedev.bionet.nsc.ru/ftp/_RawReads/2022-11-07_BGI_Moscow/Demultiplexed/Pash_K3/Pash_K3_R1.fastq.gz,https://genedev.bionet.nsc.ru/ftp/_RawReads/2022-11-07_BGI_Moscow/Demultiplexed/Pash_K3/Pash_K3_R2.fastq.gz,https://genedev.bionet.nsc.ru/ftp/_RawReads/2022-11-07_BGI_Moscow/Demultiplexed/Pash_K3,,,,
YAK_e4,1415046,arr(9)x3.(XY)x1,https://genedev.bionet.nsc.ru/ftp/_RawReads/2022-11-07_BGI_Moscow/Demultiplexed/YAK_e4/YAK_e4_R1.fastq.gz,https://genedev.bionet.nsc.ru/ftp/_RawReads/2022-11-07_BGI_Moscow/Demultiplexed/YAK_e4/YAK_e4_R2.fastq.gz,https://genedev.bionet.nsc.ru/ftp/_RawReads/2022-11-07_BGI_Moscow/Demultiplexed/YAK_e4,,,,
YAkK_e6,1155300,arr(Х)х2.(Xp11.22q28)x3,https://genedev.bionet.nsc.ru/ftp/_RawReads/2022-11-07_BGI_Moscow/Demultiplexed/YAkK_e6/YAkK_e6_R1.fastq.gz,https://genedev.bionet.nsc.ru/ftp/_RawReads/2022-11-07_BGI_Moscow/Demultiplexed/YAkK_e6/YAkK_e6_R2.fastq.gz,https://genedev.bionet.nsc.ru/ftp/_RawReads/2022-11-07_BGI_Moscow/Demultiplexed/YAkK_e6,,,,
BTR_e3,24976017,,https://genedev.bionet.nsc.ru/ftp/_RawReads/2023-01-08_BGI/F20FTSEUHT0946-01_MUSxejlR/result/A_B_pool/BTRe3/BTRe3_L1_1.fq.gz,https://genedev.bionet.nsc.ru/ftp/_RawReads/2023-01-08_BGI/F20FTSEUHT0946-01_MUSxejlR/result/A_B_pool/BTRe3/BTRe3_L1_2.fq.gz,https://genedev.bionet.nsc.ru/ftp/_RawReads/2023-01-08_BGI/F20FTSEUHT0946-01_MUSxejlR/result/A_B_pool/BTRe3,,,,
embryo6,15200773,,https://genedev.bionet.nsc.ru/ftp/_RawReads/2023-01-08_BGI/F20FTSEUHT0946-01_MUSxejlR/result/A_B_pool/embryo6/embryo6_L1_1.fq.gz,https://genedev.bionet.nsc.ru/ftp/_RawReads/2023-01-08_BGI/F20FTSEUHT0946-01_MUSxejlR/result/A_B_pool/embryo6/embryo6_L1_2.fq.gz,https://genedev.bionet.nsc.ru/ftp/_RawReads/2023-01-08_BGI/F20FTSEUHT0946-01_MUSxejlR/result/A_B_pool/embryo6,,,,
HAN_e5,17721293,,https://genedev.bionet.nsc.ru/ftp/_RawReads/2023-01-08_BGI/F20FTSEUHT0946-01_MUSxejlR/result/A_B_pool/HANe5/HANe5_L1_1.fq.gz,https://genedev.bionet.nsc.ru/ftp/_RawReads/2023-01-08_BGI/F20FTSEUHT0946-01_MUSxejlR/result/A_B_pool/HANe5/HANe5_L1_2.fq.gz,https://genedev.bionet.nsc.ru/ftp/_RawReads/2023-01-08_BGI/F20FTSEUHT0946-01_MUSxejlR/result/A_B_pool/HANe5,,,,
HAN_K5,16900171,,https://genedev.bionet.nsc.ru/ftp/_RawReads/2023-01-08_BGI/F20FTSEUHT0946-01_MUSxejlR/result/A_B_pool/HANK5/HANK5_L1_1.fq.gz,https://genedev.bionet.nsc.ru/ftp/_RawReads/2023-01-08_BGI/F20FTSEUHT0946-01_MUSxejlR/result/A_B_pool/HANK5/HANK5_L1_2.fq.gz,https://genedev.bionet.nsc.ru/ftp/_RawReads/2023-01-08_BGI/F20FTSEUHT0946-01_MUSxejlR/result/A_B_pool/HANK5,,,,
IlI_e4,1123033,,https://genedev.bionet.nsc.ru/ftp/_RawReads/2023-01-08_BGI/F20FTSEUHT0946-01_MUSxejlR/result/A_B_pool/IlIe4/IlIe4_L1_1.fq.gz,https://genedev.bionet.nsc.ru/ftp/_RawReads/2023-01-08_BGI/F20FTSEUHT0946-01_MUSxejlR/result/A_B_pool/IlIe4/IlIe4_L1_2.fq.gz,https://genedev.bionet.nsc.ru/ftp/_RawReads/2023-01-08_BGI/F20FTSEUHT0946-01_MUSxejlR/result/A_B_pool/IlIe4,,,,
IlI_K3,13693508,,https://genedev.bionet.nsc.ru/ftp/_RawReads/2023-01-08_BGI/F20FTSEUHT0946-01_MUSxejlR/result/A_B_pool/IlIK3/IlIK3_L1_1.fq.gz,https://genedev.bionet.nsc.ru/ftp/_RawReads/2023-01-08_BGI/F20FTSEUHT0946-01_MUSxejlR/result/A_B_pool/IlIK3/IlIK3_L1_2.fq.gz,https://genedev.bionet.nsc.ru/ftp/_RawReads/2023-01-08_BGI/F20FTSEUHT0946-01_MUSxejlR/result/A_B_pool/IlIK3,,,,
MAD_e3,11439518,,https://genedev.bionet.nsc.ru/ftp/_RawReads/2023-01-08_BGI/F20FTSEUHT0946-01_MUSxejlR/result/A_B_pool/MADe3/MADe3_L1_1.fq.gz,https://genedev.bionet.nsc.ru/ftp/_RawReads/2023-01-08_BGI/F20FTSEUHT0946-01_MUSxejlR/result/A_B_pool/MADe3/MADe3_L1_2.fq.gz,https://genedev.bionet.nsc.ru/ftp/_RawReads/2023-01-08_BGI/F20FTSEUHT0946-01_MUSxejlR/result/A_B_pool/MADe3,,,,
MAD_K3,19310117,,https://genedev.bionet.nsc.ru/ftp/_RawReads/2023-01-08_BGI/F20FTSEUHT0946-01_MUSxejlR/result/A_B_pool/MADK3/MADK3_L1_1.fq.gz,https://genedev.bionet.nsc.ru/ftp/_RawReads/2023-01-08_BGI/F20FTSEUHT0946-01_MUSxejlR/result/A_B_pool/MADK3/MADK3_L1_2.fq.gz,https://genedev.bionet.nsc.ru/ftp/_RawReads/2023-01-08_BGI/F20FTSEUHT0946-01_MUSxejlR/result/A_B_pool/MADK3,,,,
microchip-c,17135952,,https://genedev.bionet.nsc.ru/ftp/_RawReads/2023-01-08_BGI/F20FTSEUHT0946-01_MUSxejlR/result/A_B_pool/microchip-c/microchip-c_L1_1.fq.gz,https://genedev.bionet.nsc.ru/ftp/_RawReads/2023-01-08_BGI/F20FTSEUHT0946-01_MUSxejlR/result/A_B_pool/microchip-c/microchip-c_L1_2.fq.gz,https://genedev.bionet.nsc.ru/ftp/_RawReads/2023-01-08_BGI/F20FTSEUHT0946-01_MUSxejlR/result/A_B_pool/microchip-c,,,,
Pash_e3,29178981,,https://genedev.bionet.nsc.ru/ftp/_RawReads/2023-01-08_BGI/F20FTSEUHT0946-01_MUSxejlR/result/A_B_pool/Pashe3/Pashe3_L1_1.fq.gz,https://genedev.bionet.nsc.ru/ftp/_RawReads/2023-01-08_BGI/F20FTSEUHT0946-01_MUSxejlR/result/A_B_pool/Pashe3/Pashe3_L1_2.fq.gz,https://genedev.bionet.nsc.ru/ftp/_RawReads/2023-01-08_BGI/F20FTSEUHT0946-01_MUSxejlR/result/A_B_pool/Pashe3,,,,
Pash_K2,4649156,,https://genedev.bionet.nsc.ru/ftp/_RawReads/2023-01-08_BGI/F20FTSEUHT0946-01_MUSxejlR/result/A_B_pool/PashK2/PashK2_L1_1.fq.gz,https://genedev.bionet.nsc.ru/ftp/_RawReads/2023-01-08_BGI/F20FTSEUHT0946-01_MUSxejlR/result/A_B_pool/PashK2/PashK2_L1_2.fq.gz,https://genedev.bionet.nsc.ru/ftp/_RawReads/2023-01-08_BGI/F20FTSEUHT0946-01_MUSxejlR/result/A_B_pool/PashK2,,,,
Pash_K3,14330571,,https://genedev.bionet.nsc.ru/ftp/_RawReads/2023-01-08_BGI/F20FTSEUHT0946-01_MUSxejlR/result/A_B_pool/PashK3/PashK3_L1_1.fq.gz,https://genedev.bionet.nsc.ru/ftp/_RawReads/2023-01-08_BGI/F20FTSEUHT0946-01_MUSxejlR/result/A_B_pool/BTRe3/BTRe3_L1_2.fq.gz,https://genedev.bionet.nsc.ru/ftp/_RawReads/2023-01-08_BGI/F20FTSEUHT0946-01_MUSxejlR/result/A_B_pool/PashK3,,,,
YAK_e4,19624600,,https://genedev.bionet.nsc.ru/ftp/_RawReads/2023-01-08_BGI/F20FTSEUHT0946-01_MUSxejlR/result/A_B_pool/YAKe4/YAKe4_L1_1.fq.gz,https://genedev.bionet.nsc.ru/ftp/_RawReads/2023-01-08_BGI/F20FTSEUHT0946-01_MUSxejlR/result/A_B_pool/YAKe4/YAKe4_L1_2.fq.gz,https://genedev.bionet.nsc.ru/ftp/_RawReads/2023-01-08_BGI/F20FTSEUHT0946-01_MUSxejlR/result/A_B_pool/YAKe4,,,,
c1,1173831,,https://genedev.bionet.nsc.ru/ftp/_RawReads/2023-03-14_Moscow/c1/c1_R1.fastq.gz,https://genedev.bionet.nsc.ru/ftp/_RawReads/2023-03-14_Moscow/c1/c1_R2.fastq.gz,https://genedev.bionet.nsc.ru/ftp/_RawReads/2023-03-14_Moscow/,,,,
c2,1219629,,https://genedev.bionet.nsc.ru/ftp/_RawReads/2023-03-14_Moscow/c2/c2_R1.fastq.gz,https://genedev.bionet.nsc.ru/ftp/_RawReads/2023-03-14_Moscow/c2/c2_R2.fastq.gz,https://genedev.bionet.nsc.ru/ftp/_RawReads/2023-03-14_Moscow/,,,,
c3,1343216,,https://genedev.bionet.nsc.ru/ftp/_RawReads/2023-03-14_Moscow/c3/c3_R1.fastq.gz,https://genedev.bionet.nsc.ru/ftp/_RawReads/2023-03-14_Moscow/c3/c3_R2.fastq.gz,https://genedev.bionet.nsc.ru/ftp/_RawReads/2023-03-14_Moscow/,,,,
c4,1468882,,https://genedev.bionet.nsc.ru/ftp/_RawReads/2023-03-14_Moscow/c4/c4_R1.fastq.gz,https://genedev.bionet.nsc.ru/ftp/_RawReads/2023-03-14_Moscow/c4/c4_R2.fastq.gz,https://genedev.bionet.nsc.ru/ftp/_RawReads/2023-03-14_Moscow/,,,,
Ore1_K,8120416,"arr[hg19] (9p24.3p11.2)*1, (16)*1, (X)*2",https://genedev.bionet.nsc.ru/ftp/_RawReads/2023-09-21_BGI/Ore1_K/Ore1_K_L1_1.fq.gz,https://genedev.bionet.nsc.ru/ftp/_RawReads/2023-09-21_BGI/Ore1_K/Ore1_K_L1_2.fq.gz,https://genedev.bionet.nsc.ru/ftp/_RawReads/2023-09-21_BGI/,,,,
Ton1_K,15280051,"arr(1-22, X)*2",https://genedev.bionet.nsc.ru/ftp/_RawReads/2023-09-21_BGI/Ton1_K/Ton1_K_R1.fastq.gz,https://genedev.bionet.nsc.ru/ftp/_RawReads/2023-09-21_BGI/Ton1_K/Ton1_K_R2.fastq.gz,https://genedev.bionet.nsc.ru/ftp/_RawReads/2023-09-21_BGI/,,,,
Mel6_K,5827546,"arr(1-22, X)*2",https://genedev.bionet.nsc.ru/ftp/_RawReads/2023-09-23_BGI/F22FTSEUHT2056_MUSuyisR_21Sep2023/result/Mel6_K/Mel6_K_L1_1.fq.gz,https://genedev.bionet.nsc.ru/ftp/_RawReads/2023-09-23_BGI/F22FTSEUHT2056_MUSuyisR_21Sep2023/result/Mel6_K/Mel6_K_L1_2.fq.gz,https://genedev.bionet.nsc.ru/ftp/_RawReads/2023-09-23_BGI/F22FTSEUHT2056_MUSuyisR_21Sep2023/result/,,,,
Mat2_K,6683703,"arr(14)*3, (X)*2",https://genedev.bionet.nsc.ru/ftp/_RawReads/2023-09-23_BGI/F22FTSEUHT2056_MUSuyisR_21Sep2023/result/Mat2_K/Mat2_K_L1_1.fq.gz,https://genedev.bionet.nsc.ru/ftp/_RawReads/2023-09-23_BGI/F22FTSEUHT2056_MUSuyisR_21Sep2023/result/Mat2_K/Mat2_K_L1_2.fq.gz,https://genedev.bionet.nsc.ru/ftp/_RawReads/2023-09-23_BGI/F22FTSEUHT2056_MUSuyisR_21Sep2023/result/,,,,
Sach2_K,6166425,"arr(13,22)*1,(X,Y)*1",https://genedev.bionet.nsc.ru/ftp/_RawReads/2023-09-23_BGI/F22FTSEUHT2056_MUSuyisR_21Sep2023/result/Sach2_K/Sach2_K_L1_1.fq.gz,https://genedev.bionet.nsc.ru/ftp/_RawReads/2023-09-23_BGI/F22FTSEUHT2056_MUSuyisR_21Sep2023/result/Sach2_K/Sach2_K_L1_2.fq.gz,https://genedev.bionet.nsc.ru/ftp/_RawReads/2023-09-23_BGI/F22FTSEUHT2056_MUSuyisR_21Sep2023/result/,,,,
Kaz3_K,5167769,"arr(21,22)*1,(X,Y)*1",https://genedev.bionet.nsc.ru/ftp/_RawReads/2023-09-23_BGI/F22FTSEUHT2056_MUSuyisR_21Sep2023/result/Kaz3_K/Kaz3_K_L1_1.fq.gz,https://genedev.bionet.nsc.ru/ftp/_RawReads/2023-09-23_BGI/F22FTSEUHT2056_MUSuyisR_21Sep2023/result/Kaz3_K/Kaz3_K_L1_2.fq.gz,https://genedev.bionet.nsc.ru/ftp/_RawReads/2023-09-23_BGI/F22FTSEUHT2056_MUSuyisR_21Sep2023/result/,,,,
Vla1_e,5661042,"arr[hg38](6p25.3q16.1)*3, del18q22.3",https://genedev.bionet.nsc.ru/ftp/_RawReads/2023-09-23_BGI/F22FTSEUHT2056_MUSuyisR_21Sep2023/result/Vla1_e/Vla1_e_L1_1.fq.gz,https://genedev.bionet.nsc.ru/ftp/_RawReads/2023-09-23_BGI/F22FTSEUHT2056_MUSuyisR_21Sep2023/result/Vla1_e/Vla1_e_L1_2.fq.gz,https://genedev.bionet.nsc.ru/ftp/_RawReads/2023-09-23_BGI/F22FTSEUHT2056_MUSuyisR_21Sep2023/result/,,,,
Vla2_e,5232144,"arr(3)*2-3, (10)*2-3, (11)*2-3, (19)*2-3, (22)*1-2",https://genedev.bionet.nsc.ru/ftp/_RawReads/2023-09-23_BGI/F22FTSEUHT2056_MUSuyisR_21Sep2023/result/Vla2_e/Vla2_e_L1_1.fq.gz,https://genedev.bionet.nsc.ru/ftp/_RawReads/2023-09-23_BGI/F22FTSEUHT2056_MUSuyisR_21Sep2023/result/Vla2_e/Vla2_e_L1_2.fq.gz,https://genedev.bionet.nsc.ru/ftp/_RawReads/2023-09-23_BGI/F22FTSEUHT2056_MUSuyisR_21Sep2023/result/,,,,
Mog1_e,3673548,"arr[hg19](9p21.3-p21.1)*1, (21)*1, (X)*2",https://genedev.bionet.nsc.ru/ftp/_RawReads/2023-09-23_BGI/F22FTSEUHT2056_MUSuyisR_21Sep2023/result/Mog1_e/Mog1_e_L1_1.fq.gz,https://genedev.bionet.nsc.ru/ftp/_RawReads/2023-09-23_BGI/F22FTSEUHT2056_MUSuyisR_21Sep2023/result/Mog1_e/Mog1_e_L1_2.fq.gz,https://genedev.bionet.nsc.ru/ftp/_RawReads/2023-09-23_BGI/F22FTSEUHT2056_MUSuyisR_21Sep2023/result/,,,,
mix_of_4954_and_Shur1_K,62270577,,https://genedev.bionet.nsc.ru/ftp/_RawReads/2023-09-29_Kazan/2023_09_23/other/mix_of_4954_and_Shur1_K_S26_R1_001.fastq.gz,https://genedev.bionet.nsc.ru/ftp/_RawReads/2023-09-29_Kazan/2023_09_23/other/mix_of_4954_and_Shur1_K_S26_R2_001.fastq.gz,https://genedev.bionet.nsc.ru/ftp/_RawReads/2023-09-29_Kazan/2023_09_23/other/,,,,
mix_of_4906_and_Shur1_e,59625906,,https://genedev.bionet.nsc.ru/ftp/_RawReads/2023-09-29_Kazan/2023_09_23/other/mix_of_4906_and_Shur1_e_S21_R1_001.fastq.gz,https://genedev.bionet.nsc.ru/ftp/_RawReads/2023-09-29_Kazan/2023_09_23/other/mix_of_4906_and_Shur1_e_S21_R2_001.fastq.gz,https://genedev.bionet.nsc.ru/ftp/_RawReads/2023-09-29_Kazan/2023_09_23/other/,,,,
Ton1_K,5299721,arr(1-22.X)*2,https://genedev.bionet.nsc.ru/ftp/_RawReads/2023-11-20-BGI/F20FTSEUHT0946-02_HOMukzaR_16NOV2023/Ton1_K/Ton1_K_L1_1.fq.gz,https://genedev.bionet.nsc.ru/ftp/_RawReads/2023-11-20-BGI/F20FTSEUHT0946-02_HOMukzaR_16NOV2023/Ton1_K/Ton1_K_L1_2.fq.gz,https://genedev.bionet.nsc.ru/ftp/_RawReads/2023-11-20-BGI/F20FTSEUHT0946-02_HOMukzaR_16NOV2023/Ton1_K/,,,,
BOC_K1,18513240,seq(21)х3,https://genedev.bionet.nsc.ru/ftp/_RawReads/2023-12-4-Sirius/demultiplexed_from_undetermined/BOC_K1/BOC_K1_R1.fastq.gz,https://genedev.bionet.nsc.ru/ftp/_RawReads/2023-12-4-Sirius/demultiplexed_from_undetermined/BOC_K1/BOC_K1_R2.fastq.gz,https://genedev.bionet.nsc.ru/ftp/_RawReads/2023-12-4-Sirius/demultiplexed_from_undetermined/,,,,
XAH_K13,14852547,"arr(7p22.3q11.21)x1, (9p24.3q33.3)x3",https://genedev.bionet.nsc.ru/ftp/_RawReads/2023-12-4-Sirius/demultiplexed_from_undetermined/XAH_K13/XAH_K13_R1.fastq.gz,https://genedev.bionet.nsc.ru/ftp/_RawReads/2023-12-4-Sirius/demultiplexed_from_undetermined/XAH_K13/XAH_K13_R2.fastq.gz,https://genedev.bionet.nsc.ru/ftp/_RawReads/2023-12-4-Sirius/demultiplexed_from_undetermined/,,,,
CHR_K1,17654530,"seq(9q12q34.3)х3[0.4],(19)х3",https://genedev.bionet.nsc.ru/ftp/_RawReads/2023-12-4-Sirius/demultiplexed_from_undetermined/CHR_K1/CHR_K1_R1.fastq.gz,https://genedev.bionet.nsc.ru/ftp/_RawReads/2023-12-4-Sirius/demultiplexed_from_undetermined/CHR_K1/CHR_K1_R2.fastq.gz,https://genedev.bionet.nsc.ru/ftp/_RawReads/2023-12-4-Sirius/demultiplexed_from_undetermined/,,,,
BOC_e1,17800507,seq(21)х3,https://genedev.bionet.nsc.ru/ftp/_RawReads/2023-12-4-Sirius/demultiplexed_from_undetermined/BOC_e1/BOC_e1_R1.fastq.gz,https://genedev.bionet.nsc.ru/ftp/_RawReads/2023-12-4-Sirius/demultiplexed_from_undetermined/BOC_e1/BOC_e1_R1.fastq.gz,https://genedev.bionet.nsc.ru/ftp/_RawReads/2023-12-4-Sirius/demultiplexed_from_undetermined/,,,,
XAH_e13,18765510,"arr(7p22.3q11.21)x1, (9p24.3q33.3)x3",https://genedev.bionet.nsc.ru/ftp/_RawReads/2023-12-4-Sirius/demultiplexed_from_undetermined/XAH_e13/XAH_e13_R1.fastq.gz,https://genedev.bionet.nsc.ru/ftp/_RawReads/2023-12-4-Sirius/demultiplexed_from_undetermined/XAH_e13/XAH_e13_R2.fastq.gz,https://genedev.bionet.nsc.ru/ftp/_RawReads/2023-12-4-Sirius/demultiplexed_from_undetermined/,,,,
CHR_e1,15495647,"seq(9q12q34.3)х3[0.4],(19)х3",https://genedev.bionet.nsc.ru/ftp/_RawReads/2023-12-4-Sirius/demultiplexed_from_undetermined/CHR_e1/CHR_e1_R1.fastq.gz,https://genedev.bionet.nsc.ru/ftp/_RawReads/2023-12-4-Sirius/demultiplexed_from_undetermined/CHR_e1/CHR_e1_R2.fastq.gz,https://genedev.bionet.nsc.ru/ftp/_RawReads/2023-12-4-Sirius/demultiplexed_from_undetermined/,,,,
Sav4_e,1152074,"arr(16,22)*3,(X,Y)*2",https://genedev.bionet.nsc.ru/ftp/_RawReads/2024-02-14_MGNC/output/from_undetermined/Sav4_e//Sav4_e_R1.fastq.gz,https://genedev.bionet.nsc.ru/ftp/_RawReads/2024-02-14_MGNC/output/from_undetermined/Sav4_e//Sav4_e_R2.fastq.gz,https://genedev.bionet.nsc.ru/ftp/_RawReads/2024-02-14_MGNC/output/from_undetermined/Sav4_e/,,,,
3Bal2_e,1225679,"arr(18)*3,(21)*1,(X,Y)*1",https://genedev.bionet.nsc.ru/ftp/_RawReads/2024-02-14_MGNC/output/from_undetermined/3Bal2_e//3Bal2_e_R1.fastq.gz,https://genedev.bionet.nsc.ru/ftp/_RawReads/2024-02-14_MGNC/output/from_undetermined/3Bal2_e//3Bal2_e_R2.fastq.gz,https://genedev.bionet.nsc.ru/ftp/_RawReads/2024-02-14_MGNC/output/from_undetermined/3Bal2_e/,,,,
7Fed3_e,1486051,"arr[GRCh37](1p36.3p21.2)*3[0.4], (3p26.3p12.3)*3[0.4],(7)*1[0.3],(14)*3[0.3],(18)*3[0.3],(X)*2",https://genedev.bionet.nsc.ru/ftp/_RawReads/2024-02-14_MGNC/output/from_undetermined/7Fed3_e//7Fed3_e_R1.fastq.gz,https://genedev.bionet.nsc.ru/ftp/_RawReads/2024-02-14_MGNC/output/from_undetermined/7Fed3_e//7Fed3_e_R2.fastq.gz,https://genedev.bionet.nsc.ru/ftp/_RawReads/2024-02-14_MGNC/output/from_undetermined/7Fed3_e/,,,,
7Fed3_eB,1055963,"arr[GRCh37](1p36.3p21.2)*3[0.4], (3p26.3p12.3)*3[0.4],(7)*1[0.3],(14)*3[0.3],(18)*3[0.3],(X)*2",https://genedev.bionet.nsc.ru/ftp/_RawReads/2024-02-14_MGNC/output/from_undetermined/7Fed3_eB//7Fed3_eB_R1.fastq.gz,https://genedev.bionet.nsc.ru/ftp/_RawReads/2024-02-14_MGNC/output/from_undetermined/7Fed3_eB//7Fed3_eB_R2.fastq.gz,https://genedev.bionet.nsc.ru/ftp/_RawReads/2024-02-14_MGNC/output/from_undetermined/7Fed3_eB/,,,,
Sheg1_e,3652680,"arr(18)*3, (13)*1, (X,Y)*1",https://genedev.bionet.nsc.ru/ftp/_RawReads/2024-03-05_MGNC/output/fastq3/Sheg1-e_S177_L001_R1_001.fastq.gz,https://genedev.bionet.nsc.ru/ftp/_RawReads/2024-03-05_MGNC/output/fastq3/Sheg1-e_S177_L001_R2_001.fastq.gz,https://genedev.bionet.nsc.ru/ftp/_RawReads/2024-03-05_MGNC/output/fastq3/,,,,Почему их несколько?
Kov1_e,2345501,"arr[hg19] (1,8)*3, (2p25.1-p21)*3 (X,Y)*1",https://genedev.bionet.nsc.ru/ftp/_RawReads/2024-03-05_MGNC/output/fastq3/Kov1-e_S91_L001_R1_001.fastq.gz,https://genedev.bionet.nsc.ru/ftp/_RawReads/2024-03-05_MGNC/output/fastq3/Kov1-e_S91_L001_R2_001.fastq.gz,https://genedev.bionet.nsc.ru/ftp/_RawReads/2024-03-05_MGNC/output/fastq3/,,,,
Kur3_e,3589752,"arr(11,12,17,22)*3, (16)*1, (X)*2",https://genedev.bionet.nsc.ru/ftp/_RawReads/2024-03-05_MGNC/output/fastq3/Kur3-e_S48_L001_R1_001.fastq.gz,https://genedev.bionet.nsc.ru/ftp/_RawReads/2024-03-05_MGNC/output/fastq3/Kur3-e_S48_L001_R2_001.fastq.gz,https://genedev.bionet.nsc.ru/ftp/_RawReads/2024-03-05_MGNC/output/fastq3/,,,,
Bal3_e,1541642,"arr[GRCh37](18p11.32p11.21)*3,(18q11.122.1)*3,(18q22.1q23)*1,(21q11.2q21.3)*1,(21q21.3q22.3)*3,(22)*3,(X,Y)*1",https://genedev.bionet.nsc.ru/ftp/_RawReads/2024-03-05_MGNC/output/fastq3/Bal3-e_S49_L001_R1_001.fastq.gz,https://genedev.bionet.nsc.ru/ftp/_RawReads/2024-03-05_MGNC/output/fastq3/Bal3-e_S49_L001_R2_001.fastq.gz,https://genedev.bionet.nsc.ru/ftp/_RawReads/2024-03-05_MGNC/output/fastq3/,,,,
Kaz1_e,1431201,"arr(21,22)*3,(X)*2",https://genedev.bionet.nsc.ru/ftp/_RawReads/2024-03-05_MGNC/output/fastq3/Kaz1-e_S74_L001_R1_001.fastq.gz,https://genedev.bionet.nsc.ru/ftp/_RawReads/2024-03-05_MGNC/output/fastq3/Kaz1-e_S74_L001_R2_001.fastq.gz,https://genedev.bionet.nsc.ru/ftp/_RawReads/2024-03-05_MGNC/output/fastq3/,,,,
Gri2_e,3551656,"arr(13)*1, (X)*2",https://genedev.bionet.nsc.ru/ftp/_RawReads/2024-03-05_MGNC/output/fastq3/Gri2-e_S184_L001_R1_001.fastq.gz,https://genedev.bionet.nsc.ru/ftp/_RawReads/2024-03-05_MGNC/output/fastq3/Gri2-e_S184_L001_R2_001.fastq.gz,https://genedev.bionet.nsc.ru/ftp/_RawReads/2024-03-05_MGNC/output/fastq3/,,,,
Sav4_e,9271911,"arr(16,22)*3,(X,Y)*2",https://genedev.bionet.nsc.ru/ftp/_RawReads/2024-03-04_ENC/output/Hi-C/Sav4_e_S1_R1_001.fastq.gz,https://genedev.bionet.nsc.ru/ftp/_RawReads/2024-03-04_ENC/output/Hi-C/Sav4_e_S1_R2_001.fastq.gz,https://genedev.bionet.nsc.ru/ftp/_RawReads/2024-03-04_ENC/output/Hi-C/,,,,
3Bal2_e,3668688,"arr(18)*3,(21)*1,(X,Y)*1",https://genedev.bionet.nsc.ru/ftp/_RawReads/2024-03-04_ENC/output/Hi-C/3Bal2_e_S3_R1_001.fastq.gz,https://genedev.bionet.nsc.ru/ftp/_RawReads/2024-03-04_ENC/output/Hi-C/3Bal2_e_S3_R2_001.fastq.gz,https://genedev.bionet.nsc.ru/ftp/_RawReads/2024-03-04_ENC/output/Hi-C/,,,,
Bal1_eB,2494535,"arr(16)*3,(21)*2-3,(X,Y)*1",https://genedev.bionet.nsc.ru/ftp/_RawReads/2024-03-04_ENC/output/Hi-C/3Bal2_eB_S4_R1_001.fastq.gz,https://genedev.bionet.nsc.ru/ftp/_RawReads/2024-03-04_ENC/output/Hi-C/3Bal2_eB_S4_R2_001.fastq.gz,https://genedev.bionet.nsc.ru/ftp/_RawReads/2024-03-04_ENC/output/Hi-C/,,,,
Shen1_e,1768666,"arr(2)*3,(X)*2",https://genedev.bionet.nsc.ru/ftp/_RawReads/2024-03-04_ENC/output/Hi-C/Shen1_e_S12_R1_001.fastq.gz,https://genedev.bionet.nsc.ru/ftp/_RawReads/2024-03-04_ENC/output/Hi-C/Shen1_e_S12_R2_001.fastq.gz,https://genedev.bionet.nsc.ru/ftp/_RawReads/2024-03-04_ENC/output/Hi-C/,,,,
Kov2_e,1195481,"arr(21)*3, (20)*1, (X)*2",https://genedev.bionet.nsc.ru/ftp/_RawReads/2024-03-04_ENC/output/Hi-C/Kov2_e_S13_R1_001.fastq.gz,https://genedev.bionet.nsc.ru/ftp/_RawReads/2024-03-04_ENC/output/Hi-C/Kov2_e_S13_R2_001.fastq.gz,https://genedev.bionet.nsc.ru/ftp/_RawReads/2024-03-04_ENC/output/Hi-C/,,,,
Ton1_e,1219277,arr(1-22.X)*2,https://genedev.bionet.nsc.ru/ftp/_RawReads/2024-03-04_ENC/output/Hi-C/Ton1_e_S14_R1_001.fastq.gz,https://genedev.bionet.nsc.ru/ftp/_RawReads/2024-03-04_ENC/output/Hi-C/Ton1_e_S14_R2_001.fastq.gz,https://genedev.bionet.nsc.ru/ftp/_RawReads/2024-03-04_ENC/output/Hi-C/,,,,
Fed3_K,11288384,"arr[GRCh37](1p36.3p21.2)*3[0.4], (3p26.3p12.3)*3[0.4],(7)*1[0.3],(14)*3[0.3],(18)*3[0.3],(X)*2",https://genedev.bionet.nsc.ru/ftp/_RawReads/2024-03-04_ENC/output/Hi-C/Fed3_K_S16_R1_001.fastq.gz,https://genedev.bionet.nsc.ru/ftp/_RawReads/2024-03-04_ENC/output/Hi-C/Fed3_K_S16_R2_001.fastq.gz,https://genedev.bionet.nsc.ru/ftp/_RawReads/2024-03-04_ENC/output/Hi-C/,,,,
Kul_K,55982520,"arr(1,6,11)*3[0.3-0.4],(20)*1[0.],(4,21)*1[0.4],(X)*2",https://genedev.bionet.nsc.ru/ftp/_RawReads/2024-03-04_ENC/output/Hi-C/Kul_K_S17_R1_001.fastq.gz,https://genedev.bionet.nsc.ru/ftp/_RawReads/2024-03-04_ENC/output/Hi-C/Kul_K_S17_R2_001.fastq.gz,https://genedev.bionet.nsc.ru/ftp/_RawReads/2024-03-04_ENC/output/Hi-C/,,,,
Aks1_K,9726175,"arr(7)*1-2, (19)*1-2, (20)*1-2,(X,Y)*1",https://genedev.bionet.nsc.ru/ftp/_RawReads/2024-03-04_ENC/output/Hi-C/Aks1_K_S18_R1_001.fastq.gz,https://genedev.bionet.nsc.ru/ftp/_RawReads/2024-03-04_ENC/output/Hi-C/Aks1_K_S18_R2_001.fastq.gz,https://genedev.bionet.nsc.ru/ftp/_RawReads/2024-03-04_ENC/output/Hi-C/,,,,
Bal1_K,4880005,"arr(16)*3,(21)*2-3,(X,Y)*1",https://genedev.bionet.nsc.ru/ftp/_RawReads/2024-03-04_ENC/output/Hi-C/Bal1_K_S20_R1_001.fastq.gz,https://genedev.bionet.nsc.ru/ftp/_RawReads/2024-03-04_ENC/output/Hi-C/Bal1_K_S20_R2_001.fastq.gz,https://genedev.bionet.nsc.ru/ftp/_RawReads/2024-03-04_ENC/output/Hi-C/,,,,
Zap_e2,8061847,"arr(3p22.2q29)x1,)6p21.2q27)x3",https://genedev.bionet.nsc.ru/ftp/_RawReads/2024-04-09_BGI/F23A430001415_GRAqrimR_7Apr/Zap_e2/Zap_e2_L1_1.fq.gz,https://genedev.bionet.nsc.ru/ftp/_RawReads/2024-04-09_BGI/F23A430001415_GRAqrimR_7Apr/Zap_e2/Zap_e2_L1_2.fq.gz,https://genedev.bionet.nsc.ru/ftp/_RawReads/2024-04-09_BGI/F23A430001415_GRAqrimR_7Apr/,,,,
Boc_K4,2996247,seq(18)х1,https://genedev.bionet.nsc.ru/ftp/_RawReads/2024-04-09_BGI/F20FTSEUHT0946-02_MUSvixyR_10Apr/Boc_K4/Boc_K4_L1_1.fq.gz,https://genedev.bionet.nsc.ru/ftp/_RawReads/2024-04-09_BGI/F20FTSEUHT0946-02_MUSvixyR_10Apr/Boc_K4/Boc_K4_L1_2.fq.gz,https://genedev.bionet.nsc.ru/ftp/_RawReads/2024-04-09_BGI/F20FTSEUHT0946-02_MUSvixyR_10Apr/,,,,
Shen1_K,3955641,"arr(2)*3,(X)*2",https://genedev.bionet.nsc.ru/ftp/_RawReads/2024-04-09_BGI/F20FTSEUHT0946-02_MUSvixyR_10Apr/Shen1_K/Shen1_K_L1_1.fq.gz,https://genedev.bionet.nsc.ru/ftp/_RawReads/2024-04-09_BGI/F20FTSEUHT0946-02_MUSvixyR_10Apr/Shen1_K/Shen1_K_L1_2.fq.gz,https://genedev.bionet.nsc.ru/ftp/_RawReads/2024-04-09_BGI/F20FTSEUHT0946-02_MUSvixyR_10Apr/,,,,
Boc_e4,3552525,seq(18)х1,https://genedev.bionet.nsc.ru/ftp/_RawReads/2024-04-09_BGI/F20FTSEUHT0946-02_MUSvixyR_10Apr/Boc_e4/Boc_e4_L1_1.fq.gz,https://genedev.bionet.nsc.ru/ftp/_RawReads/2024-04-09_BGI/F20FTSEUHT0946-02_MUSvixyR_10Apr/Boc_e4/Boc_e4_L1_2.fq.gz,https://genedev.bionet.nsc.ru/ftp/_RawReads/2024-04-09_BGI/F20FTSEUHT0946-02_MUSvixyR_10Apr/,,,,
Kra_e,18296185,,https://genedev.bionet.nsc.ru/ftp/_RawReads/2024_05_29_ENC/Kra_e_S84_R1_001.fastq.gz,https://genedev.bionet.nsc.ru/ftp/_RawReads/2024_05_29_ENC/Kra_e_S84_R2_001.fastq.gz,https://genedev.bionet.nsc.ru/ftp/_RawReads/2024_05_29_ENC/,,,,
Shen3_e,15970631,,https://genedev.bionet.nsc.ru/ftp/_RawReads/2024_05_29_ENC/Shen3_e_S85_R1_001.fastq.gz,https://genedev.bionet.nsc.ru/ftp/_RawReads/2024_05_29_ENC/Shen3_e_S85_R2_001.fastq.gz,https://genedev.bionet.nsc.ru/ftp/_RawReads/2024_05_29_ENC/,,,,
Fuks1_K,6209486,,https://genedev.bionet.nsc.ru/ftp/_RawReads/2024_05_29_ENC/Fuks1_K_S86_R1_001.fastq.gz,https://genedev.bionet.nsc.ru/ftp/_RawReads/2024_05_29_ENC/Fuks1_K_S86_R2_001.fastq.gz,https://genedev.bionet.nsc.ru/ftp/_RawReads/2024_05_29_ENC/,,,,
Kul2_K,4843620,,https://genedev.bionet.nsc.ru/ftp/_RawReads/2024_05_29_ENC/Kul2_K_S87_R1_001.fastq.gz,https://genedev.bionet.nsc.ru/ftp/_RawReads/2024_05_29_ENC/Kul2_K_S87_R2_001.fastq.gz,https://genedev.bionet.nsc.ru/ftp/_RawReads/2024_05_29_ENC/,,,,
Kira1_K1,4700177,,https://genedev.bionet.nsc.ru/ftp/_RawReads/2024_05_29_ENC/Kira1_K1_S88_R1_001.fastq.gz,https://genedev.bionet.nsc.ru/ftp/_RawReads/2024_05_29_ENC/Kira1_K1_S88_R2_001.fastq.gz,https://genedev.bionet.nsc.ru/ftp/_RawReads/2024_05_29_ENC/,,,,
Fuks2_K1,6094646,,https://genedev.bionet.nsc.ru/ftp/_RawReads/2024_05_29_ENC/Fuks2_K1_S89_R1_001.fastq.gz,https://genedev.bionet.nsc.ru/ftp/_RawReads/2024_05_29_ENC/Fuks2_K1_S89_R2_001.fastq.gz,https://genedev.bionet.nsc.ru/ftp/_RawReads/2024_05_29_ENC/,,,,
11425_K,4403923,,https://genedev.bionet.nsc.ru/ftp/_RawReads/2024_05_29_ENC/11425_K_S90_R1_001.fastq.gz,https://genedev.bionet.nsc.ru/ftp/_RawReads/2024_05_29_ENC/11425_K_S90_R2_001.fastq.gz,https://genedev.bionet.nsc.ru/ftp/_RawReads/2024_05_29_ENC/,,,,
Kond5_K,5815355,,https://genedev.bionet.nsc.ru/ftp/_RawReads/2024_05_29_ENC/Kond5_K_S91_R1_001.fastq.gz,https://genedev.bionet.nsc.ru/ftp/_RawReads/2024_05_29_ENC/Kond5_K_S91_R2_001.fastq.gz,https://genedev.bionet.nsc.ru/ftp/_RawReads/2024_05_29_ENC/,,,,
7493_K,1930167,,https://genedev.bionet.nsc.ru/ftp/_RawReads/2024-06-18_MGNC/output/2024_nexseq_035/7493-K_S33_L001_R1_001.fastq.gz,https://genedev.bionet.nsc.ru/ftp/_RawReads/2024-06-18_MGNC/output/2024_nexseq_035/7493-K_S33_L001_R2_001.fastq.gz,https://genedev.bionet.nsc.ru/ftp/_RawReads/2024-06-18_MGNC/output/2024_nexseq_035/,,,,
8388_3_K,5678140,,https://genedev.bionet.nsc.ru/ftp/_RawReads/2024-06-18_MGNC/output/2024_nexseq_035/8388-1-K_S24_L001_R1_001.fastq.gz,https://genedev.bionet.nsc.ru/ftp/_RawReads/2024-06-18_MGNC/output/2024_nexseq_035/8388-1-K_S24_L001_R2_001.fastq.gz,https://genedev.bionet.nsc.ru/ftp/_RawReads/2024-07-26-BGI/POOLB/,,,,
6069_1_K,8628551,,https://genedev.bionet.nsc.ru/ftp/_RawReads/2024-07-26-BGI/POOLB/6069_1_K/6069_1_K_L1_1.fq.gz,https://genedev.bionet.nsc.ru/ftp/_RawReads/2024-07-26-BGI/POOLB/6069_1_K/6069_1_K_L1_2.fq.gz,https://genedev.bionet.nsc.ru/ftp/_RawReads/2024-07-26-BGI/POOLB/,,,,
Lim1_K,4992887,,https://genedev.bionet.nsc.ru/ftp/_RawReads/2024-07-26-BGI/POOLB/Lim1_K/Lim1_K_L1_1.fq.gz,https://genedev.bionet.nsc.ru/ftp/_RawReads/2024-07-26-BGI/POOLB/Lim1_K/Lim1_K_L1_2.fq.gz,https://genedev.bionet.nsc.ru/ftp/_RawReads/2024-07-26-BGI/POOLB/,,,,
Shen3_K,2779726,,https://genedev.bionet.nsc.ru/ftp/_RawReads/2024-07-29_ENC/output/Shen3_K_S34_R1_001.fastq.gz,https://genedev.bionet.nsc.ru/ftp/_RawReads/2024-07-29_ENC/output/Shen3_K_S34_R2_001.fastq.gz,https://genedev.bionet.nsc.ru/ftp/_RawReads/2024-07-29_ENC/output/,,,,
Kra1_e,3882489,,https://genedev.bionet.nsc.ru/ftp/_RawReads/2024-07-29_ENC/output/Kra1_e_S36_R1_001.fastq.gz,https://genedev.bionet.nsc.ru/ftp/_RawReads/2024-07-29_ENC/output/Kra1_e_S36_R2_001.fastq.gz,https://genedev.bionet.nsc.ru/ftp/_RawReads/2024-07-29_ENC/output/,,,,
Kond4_K,2820144,,https://genedev.bionet.nsc.ru/ftp/_RawReads/2024-07-29_ENC/output/Kond4-K_S37_R1_001.fastq.gz,https://genedev.bionet.nsc.ru/ftp/_RawReads/2024-07-29_ENC/output/Kra1_e_S36_R2_001.fastq.gz,https://genedev.bionet.nsc.ru/ftp/_RawReads/2024-07-29_ENC/output/,,,,
Pan1_K,2375139,,https://genedev.bionet.nsc.ru/ftp/_RawReads/2024-07-29_ENC/output/Pan1-K_S38_R1_001.fastq.gz,https://genedev.bionet.nsc.ru/ftp/_RawReads/2024-07-29_ENC/output/Pan1-K_S38_R2_001.fastq.gz,https://genedev.bionet.nsc.ru/ftp/_RawReads/2024-07-29_ENC/output/,,,,
Kond3_K,3049701,,https://genedev.bionet.nsc.ru/ftp/_RawReads/2024-07-29_ENC/output/Kond3-K_S39_R1_001.fastq.gz,https://genedev.bionet.nsc.ru/ftp/_RawReads/2024-07-29_ENC/output/Kond3-K_S39_R2_001.fastq.gz,https://genedev.bionet.nsc.ru/ftp/_RawReads/2024-07-29_ENC/output/,,,,
Kra3_K,4080329,,https://genedev.bionet.nsc.ru/ftp/_RawReads/2024-07-29_ENC/output/Kra3-K_S40_R1_001.fastq.gz,https://genedev.bionet.nsc.ru/ftp/_RawReads/2024-07-29_ENC/output/Kra3-K_S40_R2_001.fastq.gz,https://genedev.bionet.nsc.ru/ftp/_RawReads/2024-07-29_ENC/output/,,,,
Kus1_K,2508979,,https://genedev.bionet.nsc.ru/ftp/_RawReads/2024-07-29_ENC/output/Kus1-K_S41_R1_001.fastq.gz,https://genedev.bionet.nsc.ru/ftp/_RawReads/2024-07-29_ENC/output/Kus1-K_S41_R2_001.fastq.gz,https://genedev.bionet.nsc.ru/ftp/_RawReads/2024-07-29_ENC/output/,,,,
Kira1_K2,3103390,,https://genedev.bionet.nsc.ru/ftp/_RawReads/2024-07-29_ENC/output/Kira1-K2_S42_R1_001.fastq.gz,https://genedev.bionet.nsc.ru/ftp/_RawReads/2024-07-29_ENC/output/Kira1-K2_S42_R2_001.fastq.gz,https://genedev.bionet.nsc.ru/ftp/_RawReads/2024-07-29_ENC/output/,,,,
8388_1_K,1391139,,https://genedev.bionet.nsc.ru/ftp/_RawReads/2024-07-29_ENC/output/8388_1_K_S43_R1_001.fastq.gz,https://genedev.bionet.nsc.ru/ftp/_RawReads/2024-07-29_ENC/output/8388_1_K_S43_R2_001.fastq.gz,https://genedev.bionet.nsc.ru/ftp/_RawReads/2024-07-29_ENC/output/,,,,
Shen2_K,1745262,,https://genedev.bionet.nsc.ru/ftp/_RawReads/2024-07-29_ENC/output/Shen2_K_S44_R1_001.fastq.gz,https://genedev.bionet.nsc.ru/ftp/_RawReads/2024-07-29_ENC/output/Shen2_K_S44_R2_001.fastq.gz,https://genedev.bionet.nsc.ru/ftp/_RawReads/2024-07-29_ENC/output/,,,,
Sheg1_K2,2010664,,https://genedev.bionet.nsc.ru/ftp/_RawReads/2024-07-29_ENC/output/Sheg1_K2_S45_R1_001.fastq.gz,https://genedev.bionet.nsc.ru/ftp/_RawReads/2024-07-29_ENC/output/Sheg1_K2_S45_R2_001.fastq.gz,https://genedev.bionet.nsc.ru/ftp/_RawReads/2024-07-29_ENC/output/,,,,